﻿[{"Survey":"EnqueteSportEtudiant2024","Name":{"fr":"enquetesport"},"RawName":"<Name><fr><![CDATA[enquetesport]]></fr></Name>","BoardID":"d4ecba46-f2f7-4dec-a644-ded53bc02d94","Account":"iq","RawDescription":"<Description />","CreationDate":"2025-01-06T14:28:51.2625304+01:00","SaveDate":"2025-01-07T11:51:40.9848635+01:00","LastEditionAccessDate":"2025-01-07T16:45:06.2847788+01:00","BoardIndex":0,"BypassRestrictedResultsAccess":false,"Tinies":[]},{"Survey":"EnqueteSportEtudiant2024","Name":{"fr":"Automatique"},"RawName":"<Name><fr><![CDATA[Automatique]]></fr></Name>","BoardID":"17387fe8-bf4a-4df0-97d8-1a2a35fb6685","Account":"iq","RawDescription":"<Description />","CreationDate":"2025-01-06T14:09:06.5681648+01:00","SaveDate":"2025-01-06T14:09:06.5701559+01:00","LastEditionAccessDate":"2025-01-06T14:38:51.6392217+01:00","BoardIndex":1,"BypassRestrictedResultsAccess":false,"Tinies":[]}]